filename,xmin,ymin,xmax,ymax,id,width,height,class
00000.jpg,774,411,815,446,11,1360,800,12
00001.jpg,983,388,1024,432,40,1360,800,41
00001.jpg,386,494,442,552,38,1360,800,39
00001.jpg,973,335,1031,390,13,1360,800,14
00002.jpg,892,476,1006,592,39,1360,800,40
00003.jpg,742,443,765,466,4,1360,800,5
00003.jpg,742,466,764,489,9,1360,800,10
00003.jpg,737,412,769,443,21,1360,800,22
00004.jpg,898,342,967,409,21,1360,800,22
00004.jpg,906,407,955,459,2,1360,800,3
00005.jpg,1172,164,1284,278,9,1360,800,10
00006.jpg,926,350,989,414,2,1360,800,3
00007.jpg,825,406,864,445,9,1360,800,10
00008.jpg,785,460,811,486,2,1360,800,3
00008.jpg,779,424,816,461,12,1360,800,13
00009.jpg,925,466,949,490,4,1360,800,5
00010.jpg,1193,358,1269,436,12,1360,800,13
00011.jpg,720,338,770,398,1,1360,800,2
00011.jpg,710,265,780,342,21,1360,800,22
00012.jpg,979,364,1034,418,1,1360,800,2
00013.jpg,1043,281,1120,356,2,1360,800,3
00014.jpg,712,492,732,511,21,1360,800,22
00015.jpg,770,426,808,462,25,1360,800,26
00016.jpg,901,421,959,478,12,1360,800,13
00017.jpg,908,302,1031,408,30,1360,800,31
00017.jpg,575,495,598,515,11,1360,800,12
00018.jpg,950,455,981,486,4,1360,800,5
00019.jpg,838,366,896,422,12,1360,800,13
00019.jpg,845,423,888,465,2,1360,800,3
00020.jpg,825,428,862,463,23,1360,800,24
00021.jpg,825,388,877,437,27,1360,800,28
00022.jpg,667,472,692,497,27,1360,800,28
00023.jpg,998,292,1074,371,1,1360,800,2
00023.jpg,46,350,136,444,23,1360,800,24
00023.jpg,945,435,1006,492,23,1360,800,24
00024.jpg,112,463,143,492,13,1360,800,14
00025.jpg,731,422,772,459,13,1360,800,14
00025.jpg,734,463,767,497,40,1360,800,41
00026.jpg,453,411,492,451,1,1360,800,2
00027.jpg,969,386,1024,441,2,1360,800,3
00027.jpg,102,375,157,430,2,1360,800,3
00028.jpg,775,399,833,453,25,1360,800,26
00028.jpg,391,468,417,494,35,1360,800,36
00029.jpg,1091,393,1133,436,15,1360,800,16
00030.jpg,394,511,420,537,38,1360,800,39
00031.jpg,763,426,812,473,25,1360,800,26
00031.jpg,597,456,628,488,12,1360,800,13
00032.jpg,678,443,707,469,13,1360,800,14
00032.jpg,683,469,703,493,33,1360,800,34
00033.jpg,22,505,88,571,38,1360,800,39
00034.jpg,866,430,899,460,28,1360,800,29
00035.jpg,264,475,302,514,38,1360,800,39
00035.jpg,678,439,714,474,13,1360,800,14
00036.jpg,1133,393,1164,424,12,1360,800,13
00036.jpg,1138,424,1163,450,35,1360,800,36
00037.jpg,668,527,690,548,38,1360,800,39
00038.jpg,1120,444,1142,464,12,1360,800,13
00039.jpg,938,167,1022,251,12,1360,800,13
00039.jpg,953,252,1015,313,35,1360,800,36
00040.jpg,1040,310,1130,400,33,1360,800,34
00040.jpg,1017,202,1141,313,13,1360,800,14
00041.jpg,997,484,1031,517,38,1360,800,39
00042.jpg,916,300,995,374,18,1360,800,19
00043.jpg,1036,296,1097,357,12,1360,800,13
00043.jpg,1047,357,1092,402,36,1360,800,37
00043.jpg,110,444,143,480,35,1360,800,36
00044.jpg,752,403,782,433,12,1360,800,13
00045.jpg,178,504,240,597,38,1360,800,39
00046.jpg,1045,126,1166,247,12,1360,800,13
00047.jpg,553,462,579,488,26,1360,800,27
00048.jpg,780,443,811,474,40,1360,800,41
00048.jpg,771,405,815,443,13,1360,800,14
00048.jpg,341,523,380,562,38,1360,800,39
00049.jpg,993,397,1025,430,37,1360,800,38
00049.jpg,985,354,1028,397,12,1360,800,13
00050.jpg,946,373,967,400,34,1360,800,35
00050.jpg,941,339,972,372,13,1360,800,14
00051.jpg,968,218,1037,287,12,1360,800,13
00052.jpg,833,352,870,389,36,1360,800,37
00052.jpg,829,281,879,331,12,1360,800,13
00053.jpg,1156,333,1196,372,15,1360,800,16
00053.jpg,766,438,799,471,35,1360,800,36
00054.jpg,1113,436,1152,473,27,1360,800,28
00054.jpg,1117,473,1146,502,0,1360,800,1
00054.jpg,974,442,999,467,12,1360,800,13
00054.jpg,456,520,476,540,38,1360,800,39
00055.jpg,702,413,747,455,25,1360,800,26
00056.jpg,729,436,760,467,1,1360,800,2
00057.jpg,990,418,1036,467,1,1360,800,2
00058.jpg,786,394,824,435,12,1360,800,13
00059.jpg,793,400,854,461,12,1360,800,13
00060.jpg,296,508,323,535,38,1360,800,39
00060.jpg,819,441,842,464,2,1360,800,3
00061.jpg,1224,333,1285,394,2,1360,800,3
00062.jpg,826,469,848,492,12,1360,800,13
00063.jpg,815,499,837,521,9,1360,800,10
00064.jpg,786,447,808,470,2,1360,800,3
00065.jpg,973,377,1022,427,9,1360,800,10
00066.jpg,569,483,618,535,38,1360,800,39
00067.jpg,949,435,979,465,9,1360,800,10
00068.jpg,849,458,872,479,13,1360,800,14
00069.jpg,817,459,838,480,2,1360,800,3
00070.jpg,946,300,1026,373,23,1360,800,24
00071.jpg,788,437,828,473,24,1360,800,25
00071.jpg,794,474,822,502,1,1360,800,2
00071.jpg,794,503,821,529,9,1360,800,10
00072.jpg,836,456,858,478,4,1360,800,5
00073.jpg,723,431,752,457,23,1360,800,24
00073.jpg,727,457,748,477,2,1360,800,3
00073.jpg,727,476,749,497,9,1360,800,10
00073.jpg,425,428,456,455,23,1360,800,24
00073.jpg,430,453,452,475,2,1360,800,3
00073.jpg,432,475,452,495,9,1360,800,10
00074.jpg,383,527,421,569,38,1360,800,39
00074.jpg,439,401,488,452,14,1360,800,15
00074.jpg,929,378,981,431,14,1360,800,15
00075.jpg,1120,350,1187,409,23,1360,800,24
00075.jpg,1131,409,1179,456,4,1360,800,5
00076.jpg,784,440,819,472,21,1360,800,22
00076.jpg,789,471,815,495,2,1360,800,3
00077.jpg,951,348,1015,408,20,1360,800,21
00077.jpg,962,408,1011,455,9,1360,800,10
00078.jpg,1211,206,1319,305,29,1360,800,30
00078.jpg,800,462,821,483,13,1360,800,14
00079.jpg,762,459,792,489,11,1360,800,12
00080.jpg,829,381,880,432,9,1360,800,10
00081.jpg,966,228,1044,299,13,1360,800,14
00081.jpg,233,499,249,521,38,1360,800,39
00082.jpg,247,492,331,580,38,1360,800,39
00083.jpg,1054,208,1152,296,13,1360,800,14
00083.jpg,1071,297,1142,368,40,1360,800,41
00084.jpg,707,523,734,551,38,1360,800,39
00085.jpg,846,429,875,458,1,1360,800,2
00086.jpg,944,298,1007,361,12,1360,800,13
00087.jpg,912,435,946,470,6,1360,800,7
00087.jpg,306,421,340,456,6,1360,800,7
00088.jpg,956,464,982,490,10,1360,800,11
00088.jpg,410,464,436,490,10,1360,800,11
00088.jpg,412,440,436,464,8,1360,800,9
00088.jpg,956,440,981,464,8,1360,800,9
00089.jpg,1025,438,1054,468,5,1360,800,6
00089.jpg,634,447,660,474,5,1360,800,6
00090.jpg,966,428,1007,464,13,1360,800,14
00091.jpg,869,443,899,471,13,1360,800,14
00091.jpg,1056,377,1096,414,13,1360,800,14
00091.jpg,509,382,553,422,13,1360,800,14
00092.jpg,718,440,739,462,13,1360,800,14
00092.jpg,420,419,447,446,12,1360,800,13
00092.jpg,423,449,444,470,35,1360,800,36
00093.jpg,344,397,379,436,1,1360,800,2
00093.jpg,1076,339,1119,389,1,1360,800,2
00094.jpg,946,370,995,419,16,1360,800,17
00094.jpg,113,316,189,392,16,1360,800,17
00095.jpg,698,461,719,481,1,1360,800,2
00095.jpg,695,437,723,461,19,1360,800,20
00096.jpg,699,396,738,435,17,1360,800,18
00096.jpg,1140,420,1176,458,17,1360,800,18
00097.jpg,1125,338,1168,378,13,1360,800,14
00097.jpg,288,328,334,368,13,1360,800,14
00097.jpg,148,446,196,499,38,1360,800,39
00098.jpg,1206,244,1296,323,13,1360,800,14
00098.jpg,594,286,668,353,13,1360,800,14
00099.jpg,910,495,953,533,20,1360,800,21
00100.jpg,413,507,451,541,30,1360,800,31
00100.jpg,863,505,902,540,30,1360,800,31
00101.jpg,835,406,891,461,5,1360,800,6
00102.jpg,933,314,990,365,13,1360,800,14
00102.jpg,945,374,984,415,34,1360,800,35
00103.jpg,855,396,890,431,36,1360,800,37
00103.jpg,847,349,897,397,12,1360,800,13
00104.jpg,767,462,808,499,25,1360,800,26
00104.jpg,695,461,730,492,13,1360,800,14
00105.jpg,256,438,303,484,18,1360,800,19
00105.jpg,958,378,1024,440,26,1360,800,27
00106.jpg,902,369,985,443,25,1360,800,26
00107.jpg,486,485,540,537,25,1360,800,26
00107.jpg,490,536,529,576,1,1360,800,2
00109.jpg,990,484,1020,513,3,1360,800,4
00110.jpg,929,489,954,513,9,1360,800,10
00111.jpg,1091,465,1123,497,3,1360,800,4
00111.jpg,350,503,382,535,3,1360,800,4
00112.jpg,366,473,399,508,3,1360,800,4
00112.jpg,1186,475,1225,514,3,1360,800,4
00113.jpg,351,413,419,480,10,1360,800,11
00114.jpg,1169,421,1231,484,3,1360,800,4
00115.jpg,850,218,950,317,14,1360,800,15
00115.jpg,330,523,351,545,38,1360,800,39
00116.jpg,1078,254,1136,312,35,1360,800,36
00116.jpg,383,473,400,502,17,1360,800,18
00117.jpg,99,425,131,466,17,1360,800,18
00117.jpg,438,500,496,558,38,1360,800,39
00118.jpg,229,505,285,564,38,1360,800,39
00119.jpg,847,472,873,496,23,1360,800,24
00119.jpg,1082,393,1120,431,12,1360,800,13
00120.jpg,58,243,164,345,2,1360,800,3
00121.jpg,91,308,185,416,7,1360,800,8
00122.jpg,500,496,521,518,7,1360,800,8
00122.jpg,883,498,904,520,7,1360,800,8
00123.jpg,519,492,550,524,7,1360,800,8
00123.jpg,1101,483,1133,516,7,1360,800,8
00124.jpg,532,481,558,507,4,1360,800,5
00124.jpg,976,470,1002,496,4,1360,800,5
00125.jpg,1019,313,1106,401,2,1360,800,3
00126.jpg,840,374,868,404,2,1360,800,3
00126.jpg,379,365,411,396,2,1360,800,3
00127.jpg,138,385,175,423,5,1360,800,6
00127.jpg,1009,380,1046,417,5,1360,800,6
00128.jpg,1147,397,1180,431,12,1360,800,13
00129.jpg,962,379,1008,426,9,1360,800,10
00129.jpg,866,399,905,439,26,1360,800,27
00130.jpg,209,426,236,453,1,1360,800,2
00130.jpg,601,431,626,456,1,1360,800,2
00130.jpg,318,439,345,467,18,1360,800,19
00131.jpg,1010,430,1034,455,9,1360,800,10
00131.jpg,474,389,500,415,1,1360,800,2
00132.jpg,314,306,393,377,18,1360,800,19
00133.jpg,839,408,861,432,12,1360,800,13
00133.jpg,841,432,858,450,36,1360,800,37
00133.jpg,505,415,522,432,35,1360,800,36
00134.jpg,1008,299,1073,365,1,1360,800,2
00135.jpg,718,298,777,356,1,1360,800,2
00136.jpg,816,401,857,437,11,1360,800,12
00137.jpg,824,324,892,384,11,1360,800,12
00138.jpg,157,179,235,268,15,1360,800,16
00138.jpg,1302,399,1336,432,15,1360,800,16
00140.jpg,247,472,275,501,14,1360,800,15
00141.jpg,857,379,894,416,2,1360,800,3
00142.jpg,816,454,835,473,2,1360,800,3
00143.jpg,241,187,310,256,12,1360,800,13
00144.jpg,708,445,727,464,4,1360,800,5
00146.jpg,1205,122,1327,246,41,1360,800,42
00146.jpg,707,404,732,426,28,1360,800,29
00146.jpg,711,427,729,445,2,1360,800,3
00147.jpg,750,419,784,452,20,1360,800,21
00148.jpg,872,353,943,416,30,1360,800,31
00149.jpg,1131,274,1221,361,4,1360,800,5
00149.jpg,1110,158,1231,273,12,1360,800,13
00149.jpg,703,461,725,483,12,1360,800,13
00150.jpg,824,345,865,386,2,1360,800,3
00151.jpg,794,372,824,401,1,1360,800,2
00152.jpg,605,424,627,447,12,1360,800,13
00153.jpg,307,409,338,440,35,1360,800,36
00154.jpg,692,410,717,436,35,1360,800,36
00155.jpg,425,386,468,431,38,1360,800,39
00156.jpg,819,388,848,417,9,1360,800,10
00157.jpg,262,423,297,460,9,1360,800,10
00157.jpg,885,392,926,432,9,1360,800,10
00157.jpg,650,505,671,526,38,1360,800,39
00158.jpg,907,414,933,440,41,1360,800,42
00159.jpg,974,443,1031,506,39,1360,800,40
00159.jpg,713,476,740,503,39,1360,800,40
00159.jpg,86,473,117,504,38,1360,800,39
00159.jpg,890,466,917,505,38,1360,800,39
00160.jpg,610,388,653,428,25,1360,800,26
00161.jpg,717,445,735,462,34,1360,800,35
00162.jpg,244,430,262,448,17,1360,800,18
00162.jpg,713,433,732,452,17,1360,800,18
00162.jpg,544,444,562,462,17,1360,800,18
00163.jpg,753,473,825,545,38,1360,800,39
00164.jpg,874,375,918,416,26,1360,800,27
00165.jpg,382,412,399,431,1,1360,800,2
00165.jpg,689,292,745,340,11,1360,800,12
00166.jpg,814,382,848,416,1,1360,800,2
00167.jpg,369,446,392,469,2,1360,800,3
00167.jpg,729,433,750,455,2,1360,800,3
00168.jpg,693,419,719,442,18,1360,800,19
00169.jpg,1089,153,1212,276,2,1360,800,3
00170.jpg,912,322,944,358,4,1360,800,5
00171.jpg,882,335,932,385,4,1360,800,5
00171.jpg,883,385,932,433,9,1360,800,10
00172.jpg,712,471,740,495,25,1360,800,26
00172.jpg,718,418,737,437,1,1360,800,2
00173.jpg,1111,279,1161,329,1,1360,800,2
00174.jpg,718,413,753,444,28,1360,800,29
00174.jpg,723,443,747,467,2,1360,800,3
00174.jpg,801,302,860,364,12,1360,800,13
00175.jpg,893,341,944,396,9,1360,800,10
00176.jpg,850,414,875,440,2,1360,800,3
00177.jpg,271,416,313,458,14,1360,800,15
00177.jpg,746,423,785,462,14,1360,800,15
00177.jpg,502,451,519,468,38,1360,800,39
00177.jpg,1271,402,1308,437,13,1360,800,14
00178.jpg,728,456,748,476,2,1360,800,3
00179.jpg,686,421,707,440,12,1360,800,13
00180.jpg,968,384,1004,421,2,1360,800,3
00181.jpg,793,299,853,359,4,1360,800,5
00182.jpg,656,412,685,441,2,1360,800,3
00182.jpg,658,385,686,414,41,1360,800,42
00183.jpg,766,369,806,406,19,1360,800,20
00184.jpg,790,273,850,334,1,1360,800,2
00185.jpg,967,150,1076,257,2,1360,800,3
00186.jpg,603,455,621,474,4,1360,800,5
00186.jpg,325,428,345,448,4,1360,800,5
00186.jpg,602,433,625,456,12,1360,800,13
00187.jpg,675,405,709,439,2,1360,800,3
00187.jpg,161,393,194,428,2,1360,800,3
00188.jpg,705,379,752,422,11,1360,800,12
00189.jpg,853,339,917,394,18,1360,800,19
00190.jpg,670,400,689,421,35,1360,800,36
00191.jpg,693,406,728,439,11,1360,800,12
00192.jpg,492,414,516,437,17,1360,800,18
00192.jpg,314,440,334,461,1,1360,800,2
00192.jpg,662,262,738,339,12,1360,800,13
00193.jpg,727,224,834,331,14,1360,800,15
00194.jpg,718,306,787,369,28,1360,800,29
00195.jpg,1040,155,1161,268,11,1360,800,12
00195.jpg,784,398,820,430,18,1360,800,19
00196.jpg,726,316,787,370,13,1360,800,14
00196.jpg,734,370,778,416,33,1360,800,34
00196.jpg,534,471,558,496,38,1360,800,39
00197.jpg,867,278,956,361,11,1360,800,12
00198.jpg,681,438,699,456,36,1360,800,37
00198.jpg,678,412,702,435,14,1360,800,15
00199.jpg,826,322,882,374,11,1360,800,12
00200.jpg,840,287,915,364,14,1360,800,15
00200.jpg,849,364,901,416,34,1360,800,35
00200.jpg,648,410,670,433,17,1360,800,18
00200.jpg,257,403,281,428,17,1360,800,18
00201.jpg,762,352,812,397,13,1360,800,14
00202.jpg,657,319,702,365,14,1360,800,15
00202.jpg,56,315,104,363,14,1360,800,15
00203.jpg,758,375,784,400,0,1360,800,1
00204.jpg,858,151,946,242,1,1360,800,2
00204.jpg,730,260,783,316,34,1360,800,35
00205.jpg,1202,332,1326,449,25,1360,800,26
00206.jpg,61,105,135,178,34,1360,800,35
00206.jpg,1159,197,1224,261,33,1360,800,34
00206.jpg,827,471,847,493,38,1360,800,39
00206.jpg,55,8,164,103,13,1360,800,14
00206.jpg,1144,118,1235,196,13,1360,800,14
00207.jpg,870,313,942,378,25,1360,800,26
00208.jpg,638,239,732,319,18,1360,800,19
00209.jpg,1110,287,1170,348,33,1360,800,34
00209.jpg,1097,210,1184,287,13,1360,800,14
00210.jpg,1017,418,1038,443,35,1360,800,36
00210.jpg,1011,385,1043,418,12,1360,800,13
00211.jpg,667,410,705,445,11,1360,800,12
00212.jpg,293,427,315,450,34,1360,800,35
00212.jpg,721,381,749,408,12,1360,800,13
00212.jpg,756,402,782,430,33,1360,800,34
00214.jpg,1185,130,1295,236,14,1360,800,15
00214.jpg,1214,241,1288,312,33,1360,800,34
00215.jpg,784,480,804,500,39,1360,800,40
00216.jpg,312,442,337,467,5,1360,800,6
00216.jpg,886,446,911,472,5,1360,800,6
00217.jpg,971,267,1031,328,1,1360,800,2
00218.jpg,808,437,827,456,33,1360,800,34
00219.jpg,1080,270,1155,340,13,1360,800,14
00219.jpg,1089,345,1144,401,33,1360,800,34
00220.jpg,1127,285,1168,326,1,1360,800,2
00221.jpg,988,420,1042,470,26,1360,800,27
00222.jpg,985,354,1022,390,1,1360,800,2
00223.jpg,816,334,858,374,1,1360,800,2
00224.jpg,932,188,1024,278,28,1360,800,29
00224.jpg,923,276,977,341,1,1360,800,2
00224.jpg,977,263,1042,333,9,1360,800,10
00225.jpg,856,268,924,334,1,1360,800,2
00226.jpg,1152,224,1220,290,1,1360,800,2
00227.jpg,1228,259,1306,329,18,1360,800,19
00228.jpg,937,295,998,356,1,1360,800,2
00229.jpg,1282,339,1332,383,28,1360,800,29
00229.jpg,1273,384,1305,417,1,1360,800,2
00229.jpg,1305,382,1341,414,9,1360,800,10
00230.jpg,974,398,1002,426,1,1360,800,2
00230.jpg,968,426,1007,463,28,1360,800,29
00231.jpg,1146,362,1183,399,1,1360,800,2
00232.jpg,589,495,617,524,38,1360,800,39
00232.jpg,868,379,910,419,13,1360,800,14
00232.jpg,297,420,340,459,13,1360,800,14
00233.jpg,325,485,358,517,38,1360,800,39
00234.jpg,1051,275,1115,338,1,1360,800,2
00236.jpg,1081,274,1199,402,14,1360,800,15
00237.jpg,822,361,854,393,14,1360,800,15
00237.jpg,290,389,323,422,14,1360,800,15
00238.jpg,842,400,881,435,18,1360,800,19
00238.jpg,849,443,877,471,1,1360,800,2
00239.jpg,788,411,814,436,18,1360,800,19
00239.jpg,792,439,812,458,1,1360,800,2
00239.jpg,827,412,855,441,12,1360,800,13
00240.jpg,847,364,879,396,1,1360,800,2
00241.jpg,838,400,880,442,2,1360,800,3
00242.jpg,848,388,870,413,15,1360,800,16
00242.jpg,1195,267,1302,366,13,1360,800,14
00243.jpg,843,447,867,470,2,1360,800,3
00244.jpg,491,390,530,429,10,1360,800,11
00244.jpg,1238,349,1282,394,10,1360,800,11
00245.jpg,477,442,499,464,10,1360,800,11
00245.jpg,851,438,874,461,10,1360,800,11
00246.jpg,311,381,354,425,10,1360,800,11
00246.jpg,1091,354,1134,396,10,1360,800,11
00247.jpg,471,453,492,474,5,1360,800,6
00247.jpg,856,448,877,469,5,1360,800,6
00248.jpg,204,452,229,479,5,1360,800,6
00248.jpg,843,429,870,456,5,1360,800,6
00249.jpg,1212,419,1244,452,2,1360,800,3
00250.jpg,100,423,168,495,38,1360,800,39
00250.jpg,907,446,932,471,2,1360,800,3
00251.jpg,116,425,208,520,38,1360,800,39
00252.jpg,915,389,960,434,9,1360,800,10
00252.jpg,910,326,956,372,1,1360,800,2
00253.jpg,1186,134,1301,244,9,1360,800,10
00254.jpg,1172,270,1237,336,2,1360,800,3
00254.jpg,1264,368,1295,398,23,1360,800,24
00255.jpg,183,503,260,581,38,1360,800,39
00256.jpg,1105,42,1232,153,18,1360,800,19
00257.jpg,1237,334,1295,387,25,1360,800,26
00257.jpg,1079,388,1119,423,25,1360,800,26
00258.jpg,745,469,777,501,11,1360,800,12
00258.jpg,346,490,381,522,11,1360,800,12
00259.jpg,1202,329,1247,374,1,1360,800,2
00260.jpg,720,266,784,330,0,1360,800,1
00261.jpg,1150,250,1208,311,35,1360,800,36
00262.jpg,894,282,953,341,36,1360,800,37
00262.jpg,1042,37,1146,139,12,1360,800,13
00263.jpg,646,417,666,437,2,1360,800,3
00264.jpg,964,412,988,435,4,1360,800,5
00264.jpg,965,435,988,458,9,1360,800,10
00264.jpg,509,466,531,488,9,1360,800,10
00265.jpg,800,426,831,456,24,1360,800,25
00265.jpg,783,446,804,464,18,1360,800,19
00265.jpg,805,458,827,480,1,1360,800,2
00266.jpg,242,450,293,501,18,1360,800,19
00267.jpg,834,380,856,402,36,1360,800,37
00267.jpg,859,387,886,414,12,1360,800,13
00268.jpg,891,396,917,422,2,1360,800,3
00269.jpg,966,430,990,454,9,1360,800,10
00270.jpg,1238,331,1291,385,41,1360,800,42
00270.jpg,243,335,293,386,2,1360,800,3
00270.jpg,1237,279,1291,332,2,1360,800,3
00271.jpg,259,369,297,408,2,1360,800,3
00271.jpg,1090,341,1130,381,2,1360,800,3
00272.jpg,1223,315,1297,385,18,1360,800,19
00272.jpg,310,398,377,461,18,1360,800,19
00273.jpg,1080,286,1145,343,29,1360,800,30
00274.jpg,975,395,1011,430,0,1360,800,1
00275.jpg,1196,342,1237,384,33,1360,800,34
00275.jpg,206,410,238,445,33,1360,800,34
00276.jpg,798,346,845,388,29,1360,800,30
00276.jpg,109,464,153,517,38,1360,800,39
00277.jpg,1048,399,1071,422,16,1360,800,17
00278.jpg,922,389,951,419,40,1360,800,41
00278.jpg,915,354,955,390,13,1360,800,14
00279.jpg,617,484,673,540,38,1360,800,39
00280.jpg,1054,392,1083,422,2,1360,800,3
00280.jpg,1131,357,1182,408,12,1360,800,13
00281.jpg,982,363,1016,393,31,1360,800,32
00281.jpg,984,392,1017,425,2,1360,800,3
00282.jpg,869,414,901,444,29,1360,800,30
00283.jpg,1177,114,1284,219,4,1360,800,5
00284.jpg,980,269,1059,347,12,1360,800,13
00284.jpg,993,347,1051,404,2,1360,800,3
00285.jpg,1091,304,1146,359,14,1360,800,15
00286.jpg,1015,360,1044,389,14,1360,800,15
00287.jpg,1113,370,1154,411,2,1360,800,3
00288.jpg,413,456,436,479,5,1360,800,6
00288.jpg,983,438,1006,462,5,1360,800,6
00289.jpg,285,401,326,444,6,1360,800,7
00289.jpg,1282,379,1326,424,6,1360,800,7
00290.jpg,1294,391,1326,428,5,1360,800,6
00291.jpg,1129,384,1165,422,3,1360,800,4
00292.jpg,982,422,1011,451,8,1360,800,9
00292.jpg,315,447,345,476,8,1360,800,9
00293.jpg,28,410,70,456,7,1360,800,8
00293.jpg,1143,365,1193,415,7,1360,800,8
00294.jpg,101,405,153,453,22,1360,800,23
00294.jpg,1173,326,1231,381,22,1360,800,23
00295.jpg,1227,364,1272,411,6,1360,800,7
00295.jpg,98,417,142,463,6,1360,800,7
00296.jpg,460,409,492,442,7,1360,800,8
00296.jpg,1237,385,1269,417,7,1360,800,8
00297.jpg,1015,444,1042,468,26,1360,800,27
00297.jpg,593,443,620,466,26,1360,800,27
00298.jpg,1220,168,1327,264,22,1360,800,23
00298.jpg,1238,256,1314,331,2,1360,800,3
00298.jpg,69,445,107,475,11,1360,800,12
00299.jpg,1245,247,1304,306,42,1360,800,43
00300.jpg,680,430,710,458,25,1360,800,26
00300.jpg,779,420,801,443,2,1360,800,3
00301.jpg,1062,260,1131,324,22,1360,800,23
00301.jpg,1075,318,1125,368,2,1360,800,3
00302.jpg,1123,333,1163,373,42,1360,800,43
00303.jpg,1186,385,1215,414,2,1360,800,3
00304.jpg,504,385,553,434,35,1360,800,36
00305.jpg,765,368,827,422,11,1360,800,12
00305.jpg,549,348,597,393,18,1360,800,19
00306.jpg,1047,420,1084,455,20,1360,800,21
00306.jpg,353,471,389,505,20,1360,800,21
00307.jpg,457,474,488,505,17,1360,800,18
00307.jpg,795,454,827,487,17,1360,800,18
00307.jpg,892,417,934,457,22,1360,800,23
00307.jpg,829,453,862,486,38,1360,800,39
00309.jpg,180,388,220,431,7,1360,800,8
00309.jpg,1159,353,1203,398,7,1360,800,8
00310.jpg,285,426,317,459,42,1360,800,43
00310.jpg,1150,390,1188,427,42,1360,800,43
00311.jpg,616,424,650,458,8,1360,800,9
00311.jpg,1295,391,1329,425,8,1360,800,9
00312.jpg,122,267,225,379,5,1360,800,6
00312.jpg,1226,411,1249,433,22,1360,800,23
00312.jpg,677,434,699,453,22,1360,800,23
00313.jpg,369,414,424,470,6,1360,800,7
00314.jpg,1213,398,1247,434,5,1360,800,6
00314.jpg,396,451,429,485,5,1360,800,6
00315.jpg,1267,373,1310,419,6,1360,800,7
00315.jpg,172,414,213,462,6,1360,800,7
00316.jpg,693,413,719,437,20,1360,800,21
00316.jpg,696,436,719,458,3,1360,800,4
00316.jpg,994,395,1022,420,20,1360,800,21
00316.jpg,995,421,1020,445,3,1360,800,4
00317.jpg,1122,378,1166,421,32,1360,800,33
00318.jpg,631,451,657,477,15,1360,800,16
00318.jpg,779,481,800,502,38,1360,800,39
00319.jpg,1201,403,1248,450,3,1360,800,4
00319.jpg,569,436,612,481,3,1360,800,4
00320.jpg,175,438,202,466,32,1360,800,33
00320.jpg,921,403,951,434,32,1360,800,33
00322.jpg,1166,327,1209,370,5,1360,800,6
00322.jpg,338,406,381,449,5,1360,800,6
00323.jpg,398,437,425,464,10,1360,800,11
00323.jpg,854,438,881,466,10,1360,800,11
00330.jpg,1050,313,1116,381,2,1360,800,3
00333.jpg,116,414,176,477,14,1360,800,15
00333.jpg,753,387,808,445,14,1360,800,15
00334.jpg,323,452,369,498,15,1360,800,16
00334.jpg,760,435,797,472,2,1360,800,3
00337.jpg,901,408,932,438,12,1360,800,13
00338.jpg,504,397,538,427,26,1360,800,27
00338.jpg,505,425,536,453,2,1360,800,3
00338.jpg,998,397,1031,426,26,1360,800,27
00338.jpg,1000,426,1029,453,2,1360,800,3
00339.jpg,627,442,660,476,1,1360,800,2
00339.jpg,969,414,1021,463,12,1360,800,13
00340.jpg,827,543,851,567,14,1360,800,15
00340.jpg,827,521,852,546,33,1360,800,34
00340.jpg,827,543,851,567,14,1360,800,15
00341.jpg,923,465,997,533,13,1360,800,14
00343.jpg,802,531,829,558,15,1360,800,16
00343.jpg,483,507,512,536,15,1360,800,16
00344.jpg,799,413,879,494,12,1360,800,13
00346.jpg,291,541,321,571,5,1360,800,6
00346.jpg,883,542,911,570,5,1360,800,6
00347.jpg,913,545,970,597,30,1360,800,31
00348.jpg,952,524,990,562,5,1360,800,6
00349.jpg,53,455,114,514,10,1360,800,11
00349.jpg,1244,465,1312,534,10,1360,800,11
00350.jpg,475,543,508,576,10,1360,800,11
00350.jpg,1092,542,1125,573,10,1360,800,11
00351.jpg,511,533,538,560,5,1360,800,6
00352.jpg,969,549,996,576,6,1360,800,7
00352.jpg,528,553,555,580,6,1360,800,7
00353.jpg,836,554,860,578,10,1360,800,11
00353.jpg,456,559,477,581,10,1360,800,11
00355.jpg,474,537,507,570,10,1360,800,11
00356.jpg,946,520,1004,573,30,1360,800,31
00356.jpg,249,499,310,555,30,1360,800,31
00357.jpg,1095,524,1130,560,10,1360,800,11
00357.jpg,463,528,500,565,10,1360,800,11
00358.jpg,316,490,374,549,8,1360,800,9
00359.jpg,879,559,903,583,8,1360,800,9
00359.jpg,467,560,492,585,8,1360,800,9
00360.jpg,1032,484,1076,528,8,1360,800,9
00360.jpg,253,502,296,545,8,1360,800,9
00362.jpg,252,470,370,574,30,1360,800,31
00363.jpg,407,483,450,526,8,1360,800,9
00363.jpg,409,525,453,568,10,1360,800,11
00366.jpg,517,530,540,553,8,1360,800,9
00366.jpg,518,553,541,576,10,1360,800,11
00366.jpg,988,550,1014,573,8,1360,800,9
00366.jpg,988,574,1015,597,10,1360,800,11
00367.jpg,1028,501,1068,541,8,1360,800,9
00367.jpg,1028,542,1071,583,10,1360,800,11
00367.jpg,230,488,274,530,8,1360,800,9
00367.jpg,235,533,276,573,10,1360,800,11
00368.jpg,382,460,431,510,8,1360,800,9
00368.jpg,378,509,431,561,10,1360,800,11
00369.jpg,521,544,542,564,8,1360,800,9
00369.jpg,520,564,543,585,10,1360,800,11
00369.jpg,874,532,895,551,8,1360,800,9
00369.jpg,875,550,896,571,10,1360,800,11
00370.jpg,880,536,904,559,8,1360,800,9
00370.jpg,880,558,907,584,10,1360,800,11
00370.jpg,440,531,467,554,8,1360,800,9
00370.jpg,442,553,468,578,10,1360,800,11
00371.jpg,316,521,372,577,5,1360,800,6
00372.jpg,974,486,1017,529,4,1360,800,5
00373.jpg,164,517,195,548,4,1360,800,5
00373.jpg,819,511,853,545,4,1360,800,5
00374.jpg,999,527,1031,560,13,1360,800,14
00374.jpg,671,563,696,589,12,1360,800,13
00375.jpg,1229,521,1255,545,13,1360,800,14
00376.jpg,266,487,309,530,6,1360,800,7
00376.jpg,989,510,1031,552,6,1360,800,7
00377.jpg,1133,504,1172,543,8,1360,800,9
00377.jpg,239,490,278,531,8,1360,800,9
00377.jpg,1133,543,1172,582,10,1360,800,11
00377.jpg,236,532,277,573,10,1360,800,11
00378.jpg,23,362,142,480,10,1360,800,11
00378.jpg,22,242,145,362,8,1360,800,9
00379.jpg,186,458,232,504,8,1360,800,9
00379.jpg,1064,488,1112,536,10,1360,800,11
00379.jpg,185,503,232,550,10,1360,800,11
00379.jpg,1062,442,1109,489,8,1360,800,9
00380.jpg,551,559,575,583,10,1360,800,11
00380.jpg,953,564,976,587,10,1360,800,11
00380.jpg,952,540,975,563,8,1360,800,9
00380.jpg,551,535,575,559,8,1360,800,9
00382.jpg,445,490,485,530,8,1360,800,9
00382.jpg,446,529,485,568,10,1360,800,11
00382.jpg,1209,496,1248,535,8,1360,800,9
00382.jpg,1211,533,1250,572,10,1360,800,11
00383.jpg,527,546,561,575,30,1360,800,31
00383.jpg,988,542,1021,571,30,1360,800,31
00384.jpg,1199,416,1263,480,8,1360,800,9
00384.jpg,1202,479,1267,544,10,1360,800,11
00385.jpg,977,529,1016,568,8,1360,800,9
00385.jpg,267,531,307,571,8,1360,800,9
00386.jpg,555,561,580,586,10,1360,800,11
00386.jpg,977,550,1000,573,10,1360,800,11
00387.jpg,411,499,477,563,30,1360,800,31
00387.jpg,1185,484,1251,547,30,1360,800,31
00388.jpg,1274,497,1346,561,13,1360,800,14
00390.jpg,455,502,503,550,8,1360,800,9
00390.jpg,1219,494,1265,541,8,1360,800,9
00391.jpg,1260,502,1304,551,6,1360,800,7
00391.jpg,198,508,247,558,6,1360,800,7
00392.jpg,358,443,423,512,7,1360,800,8
00393.jpg,278,484,373,571,23,1360,800,24
00395.jpg,201,519,241,561,6,1360,800,7
00395.jpg,903,519,938,555,6,1360,800,7
00396.jpg,192,484,238,531,7,1360,800,8
00396.jpg,998,468,1046,516,7,1360,800,8
00397.jpg,949,559,983,593,10,1360,800,11
00397.jpg,947,524,982,559,4,1360,800,5
00398.jpg,769,517,796,540,26,1360,800,27
00398.jpg,771,538,795,560,4,1360,800,5
00398.jpg,772,558,796,582,10,1360,800,11
00400.jpg,1236,480,1290,528,26,1360,800,27
00401.jpg,420,496,461,537,4,1360,800,5
00401.jpg,1122,497,1163,538,4,1360,800,5
00402.jpg,1094,500,1132,538,42,1360,800,43
00403.jpg,568,563,591,587,42,1360,800,43
00403.jpg,940,558,966,584,42,1360,800,43
00403.jpg,568,540,592,564,4,1360,800,5
00403.jpg,939,532,965,559,4,1360,800,5
00404.jpg,335,415,396,476,4,1360,800,5
00404.jpg,1255,415,1312,472,4,1360,800,5
00405.jpg,1255,470,1309,525,4,1360,800,5
00405.jpg,355,444,411,499,4,1360,800,5
00405.jpg,1249,397,1317,470,12,1360,800,13
00406.jpg,520,554,551,581,18,1360,800,19
00406.jpg,852,544,879,570,18,1360,800,19
00406.jpg,1046,503,1097,551,30,1360,800,31
00406.jpg,284,514,333,559,30,1360,800,31
00408.jpg,128,463,212,539,18,1360,800,19
00408.jpg,1132,479,1210,549,18,1360,800,19
00410.jpg,367,615,423,671,38,1360,800,39
00411.jpg,185,602,238,662,38,1360,800,39
00411.jpg,110,557,139,588,17,1360,800,18
00411.jpg,496,552,529,587,17,1360,800,18
00412.jpg,1002,499,1047,545,7,1360,800,8
00413.jpg,1038,480,1084,529,3,1360,800,4
00414.jpg,1032,421,1078,468,3,1360,800,4
00415.jpg,827,549,849,571,9,1360,800,10
00416.jpg,813,505,851,543,3,1360,800,4
00417.jpg,29,448,129,539,18,1360,800,19
00418.jpg,455,537,488,566,22,1360,800,23
00418.jpg,460,563,482,585,8,1360,800,9
00419.jpg,979,489,1025,537,7,1360,800,8
00420.jpg,828,542,851,565,3,1360,800,4
00420.jpg,361,548,383,570,3,1360,800,4
00421.jpg,946,554,976,581,13,1360,800,14
00422.jpg,599,567,624,591,23,1360,800,24
00423.jpg,365,469,451,547,25,1360,800,26
00423.jpg,1151,445,1245,533,25,1360,800,26
00425.jpg,302,503,342,543,5,1360,800,6
00425.jpg,900,500,941,541,5,1360,800,6
00425.jpg,302,543,342,583,10,1360,800,11
00425.jpg,903,541,944,582,10,1360,800,11
00426.jpg,1077,391,1197,502,25,1360,800,26
00427.jpg,294,383,388,479,5,1360,800,6
00428.jpg,325,548,353,576,7,1360,800,8
00428.jpg,937,543,966,572,7,1360,800,8
00430.jpg,929,414,1008,488,13,1360,800,14
00431.jpg,275,527,314,564,8,1360,800,9
00431.jpg,1141,496,1179,536,8,1360,800,9
00432.jpg,237,560,263,586,8,1360,800,9
00432.jpg,942,512,970,540,8,1360,800,9
00433.jpg,510,529,566,583,25,1360,800,26
00434.jpg,167,194,257,286,5,1360,800,6
00435.jpg,834,535,862,564,9,1360,800,10
00436.jpg,794,531,816,553,5,1360,800,6
00438.jpg,533,559,554,580,41,1360,800,42
00438.jpg,841,556,862,577,41,1360,800,42
00439.jpg,1194,504,1251,564,8,1360,800,9
00440.jpg,1243,492,1324,562,23,1360,800,24
00441.jpg,1063,531,1112,580,8,1360,800,9
00443.jpg,817,550,847,578,18,1360,800,19
00443.jpg,823,579,843,598,8,1360,800,9
00443.jpg,470,551,502,578,18,1360,800,19
00443.jpg,477,578,497,596,8,1360,800,9
00444.jpg,379,528,427,573,20,1360,800,21
00444.jpg,964,531,1009,573,20,1360,800,21
00444.jpg,389,569,419,600,7,1360,800,8
00444.jpg,972,572,1001,601,7,1360,800,8
00445.jpg,1021,498,1066,544,5,1360,800,6
00445.jpg,213,519,254,561,5,1360,800,6
00446.jpg,401,507,441,544,17,1360,800,18
00446.jpg,767,497,803,530,17,1360,800,18
00446.jpg,774,568,807,601,38,1360,800,39
00447.jpg,1182,418,1268,495,13,1360,800,14
00448.jpg,581,598,602,620,38,1360,800,39
00449.jpg,212,468,254,507,13,1360,800,14
00449.jpg,812,448,853,486,13,1360,800,14
00450.jpg,1104,359,1181,429,11,1360,800,12
00451.jpg,790,558,819,585,11,1360,800,12
00452.jpg,876,543,914,578,25,1360,800,26
00453.jpg,1215,332,1302,407,28,1360,800,29
00453.jpg,895,497,922,524,11,1360,800,12
00453.jpg,224,407,279,457,28,1360,800,29
00455.jpg,1094,362,1184,442,11,1360,800,12
00456.jpg,421,414,476,470,3,1360,800,4
00457.jpg,1243,418,1301,475,2,1360,800,3
00457.jpg,517,466,554,504,2,1360,800,3
00458.jpg,989,493,1018,525,12,1360,800,13
00459.jpg,877,515,912,548,25,1360,800,26
00459.jpg,884,548,909,573,1,1360,800,2
00460.jpg,829,456,859,484,12,1360,800,13
00460.jpg,831,481,862,512,33,1360,800,34
00461.jpg,1231,264,1302,331,12,1360,800,13
00463.jpg,555,628,585,659,38,1360,800,39
00465.jpg,1241,315,1331,395,13,1360,800,14
00466.jpg,1215,399,1267,443,13,1360,800,14
00466.jpg,514,468,548,497,13,1360,800,14
00466.jpg,1226,440,1263,475,35,1360,800,36
00466.jpg,519,494,543,518,34,1360,800,35
00467.jpg,1132,501,1168,537,3,1360,800,4
00468.jpg,1128,506,1165,544,3,1360,800,4
00470.jpg,823,489,847,513,1,1360,800,2
00470.jpg,904,514,938,549,13,1360,800,14
00470.jpg,1135,218,1248,331,12,1360,800,13
00471.jpg,789,491,817,520,12,1360,800,13
00472.jpg,880,500,925,544,12,1360,800,13
00473.jpg,507,532,540,565,10,1360,800,11
00473.jpg,1152,506,1184,538,10,1360,800,11
00474.jpg,1242,549,1274,581,7,1360,800,8
00474.jpg,514,569,545,600,7,1360,800,8
00475.jpg,1233,468,1310,543,7,1360,800,8
00476.jpg,163,518,199,555,7,1360,800,8
00476.jpg,1152,523,1187,558,7,1360,800,8
00477.jpg,298,506,338,546,5,1360,800,6
00478.jpg,921,470,963,512,5,1360,800,6
00478.jpg,218,483,258,523,5,1360,800,6
00479.jpg,982,498,1025,539,13,1360,800,14
00479.jpg,990,539,1020,569,40,1360,800,41
00480.jpg,1055,444,1103,492,2,1360,800,3
00481.jpg,908,502,944,535,18,1360,800,19
00482.jpg,732,526,768,564,12,1360,800,13
00482.jpg,260,528,296,570,17,1360,800,18
00482.jpg,283,564,303,590,17,1360,800,18
00482.jpg,1055,566,1071,587,13,1360,800,14
00483.jpg,150,510,203,563,7,1360,800,8
00483.jpg,1182,531,1232,583,7,1360,800,8
00484.jpg,339,509,372,542,16,1360,800,17
00484.jpg,1002,529,1035,563,16,1360,800,17
00485.jpg,203,377,278,454,16,1360,800,17
00486.jpg,410,519,465,574,7,1360,800,8
00487.jpg,625,606,644,625,38,1360,800,39
00488.jpg,494,611,516,633,38,1360,800,39
00490.jpg,842,516,870,539,13,1360,800,14
00490.jpg,644,596,668,620,38,1360,800,39
00490.jpg,847,536,867,556,40,1360,800,41
00491.jpg,430,568,488,637,38,1360,800,39
00492.jpg,893,528,923,557,11,1360,800,12
00493.jpg,910,450,966,501,18,1360,800,19
00494.jpg,1113,300,1211,395,1,1360,800,2
00496.jpg,511,494,552,536,8,1360,800,9
00496.jpg,509,535,550,576,10,1360,800,11
00497.jpg,392,611,425,651,38,1360,800,39
00498.jpg,249,586,298,634,38,1360,800,39
00498.jpg,248,482,292,526,17,1360,800,18
00499.jpg,1009,497,1056,539,13,1360,800,14
00500.jpg,952,499,1000,546,5,1360,800,6
00501.jpg,943,557,962,577,4,1360,800,5
00501.jpg,610,558,628,577,4,1360,800,5
00501.jpg,120,282,227,386,17,1360,800,18
00501.jpg,107,637,216,748,38,1360,800,39
00502.jpg,57,556,85,584,17,1360,800,18
00502.jpg,579,555,606,582,17,1360,800,18
00502.jpg,558,577,592,611,38,1360,800,39
00503.jpg,354,579,423,650,38,1360,800,39
00504.jpg,379,595,410,627,38,1360,800,39
00505.jpg,1052,480,1092,521,12,1360,800,13
00507.jpg,878,473,933,524,11,1360,800,12
00507.jpg,657,587,673,605,38,1360,800,39
00508.jpg,865,495,908,534,11,1360,800,12
00509.jpg,833,487,877,527,11,1360,800,12
00512.jpg,230,486,270,522,5,1360,800,6
00512.jpg,1139,490,1179,530,5,1360,800,6
00513.jpg,142,501,197,556,7,1360,800,8
00514.jpg,381,511,418,548,10,1360,800,11
00514.jpg,1168,491,1206,530,10,1360,800,11
00515.jpg,257,361,333,435,3,1360,800,4
00516.jpg,240,275,298,333,34,1360,800,35
00517.jpg,271,422,345,496,10,1360,800,11
00518.jpg,451,526,499,574,7,1360,800,8
00519.jpg,454,531,507,584,7,1360,800,8
00520.jpg,380,507,436,565,10,1360,800,11
00521.jpg,377,574,405,604,7,1360,800,8
00521.jpg,946,565,976,595,7,1360,800,8
00523.jpg,1285,512,1330,555,10,1360,800,11
00523.jpg,455,515,502,562,10,1360,800,11
00524.jpg,187,530,241,584,7,1360,800,8
00524.jpg,1219,528,1271,580,7,1360,800,8
00527.jpg,874,426,904,456,10,1360,800,11
00527.jpg,359,420,389,450,10,1360,800,11
00528.jpg,985,339,1026,380,7,1360,800,8
00528.jpg,166,415,205,455,7,1360,800,8
00530.jpg,425,401,460,435,10,1360,800,11
00530.jpg,1010,401,1043,434,10,1360,800,11
00531.jpg,484,443,504,463,10,1360,800,11
00531.jpg,909,431,931,453,10,1360,800,11
00536.jpg,27,428,57,458,17,1360,800,18
00536.jpg,327,452,353,478,17,1360,800,18
00536.jpg,724,479,740,495,38,1360,800,39
00542.jpg,842,440,866,464,12,1360,800,13
00544.jpg,1054,297,1122,358,11,1360,800,12
00544.jpg,990,425,1028,459,25,1360,800,26
00544.jpg,744,438,762,458,1,1360,800,2
00545.jpg,213,435,247,474,15,1360,800,16
00548.jpg,775,432,811,468,14,1360,800,15
00548.jpg,782,469,807,494,36,1360,800,37
00551.jpg,937,465,966,493,16,1360,800,17
00552.jpg,537,512,554,529,8,1360,800,9
00552.jpg,538,528,554,544,10,1360,800,11
00552.jpg,814,508,832,526,8,1360,800,9
00552.jpg,815,525,831,541,10,1360,800,11
00554.jpg,947,472,984,507,18,1360,800,19
00556.jpg,1195,499,1253,557,38,1360,800,39
00557.jpg,273,462,317,502,23,1360,800,24
00557.jpg,458,461,506,508,13,1360,800,14
00560.jpg,1039,173,1099,233,3,1360,800,4
00564.jpg,755,368,799,408,11,1360,800,12
00565.jpg,731,336,764,370,12,1360,800,13
00566.jpg,655,395,689,429,9,1360,800,10
00566.jpg,124,419,156,451,9,1360,800,10
00566.jpg,461,489,481,508,38,1360,800,39
00567.jpg,1050,409,1109,460,22,1360,800,23
00570.jpg,881,416,914,449,9,1360,800,10
00571.jpg,1287,361,1308,384,17,1360,800,18
00575.jpg,403,474,435,506,38,1360,800,39
00593.jpg,584,510,608,534,38,1360,800,39
00599.jpg,700,454,722,476,9,1360,800,10
00108.jpg,,,,,,1360,800,
00139.jpg,,,,,,1360,800,
00145.jpg,,,,,,1360,800,
00213.jpg,,,,,,1360,800,
00235.jpg,,,,,,1360,800,
00308.jpg,,,,,,1360,800,
00321.jpg,,,,,,1360,800,
00324.jpg,,,,,,1360,800,
00325.jpg,,,,,,1360,800,
00326.jpg,,,,,,1360,800,
00327.jpg,,,,,,1360,800,
00328.jpg,,,,,,1360,800,
00329.jpg,,,,,,1360,800,
00331.jpg,,,,,,1360,800,
00332.jpg,,,,,,1360,800,
00335.jpg,,,,,,1360,800,
00336.jpg,,,,,,1360,800,
00342.jpg,,,,,,1360,800,
00345.jpg,,,,,,1360,800,
00354.jpg,,,,,,1360,800,
00361.jpg,,,,,,1360,800,
00364.jpg,,,,,,1360,800,
00365.jpg,,,,,,1360,800,
00381.jpg,,,,,,1360,800,
00389.jpg,,,,,,1360,800,
00394.jpg,,,,,,1360,800,
00399.jpg,,,,,,1360,800,
00407.jpg,,,,,,1360,800,
00409.jpg,,,,,,1360,800,
00424.jpg,,,,,,1360,800,
00429.jpg,,,,,,1360,800,
00437.jpg,,,,,,1360,800,
00442.jpg,,,,,,1360,800,
00454.jpg,,,,,,1360,800,
00462.jpg,,,,,,1360,800,
00464.jpg,,,,,,1360,800,
00469.jpg,,,,,,1360,800,
00489.jpg,,,,,,1360,800,
00495.jpg,,,,,,1360,800,
00506.jpg,,,,,,1360,800,
00510.jpg,,,,,,1360,800,
00511.jpg,,,,,,1360,800,
00522.jpg,,,,,,1360,800,
00525.jpg,,,,,,1360,800,
00526.jpg,,,,,,1360,800,
00529.jpg,,,,,,1360,800,
00532.jpg,,,,,,1360,800,
00533.jpg,,,,,,1360,800,
00534.jpg,,,,,,1360,800,
00535.jpg,,,,,,1360,800,
00537.jpg,,,,,,1360,800,
00538.jpg,,,,,,1360,800,
00539.jpg,,,,,,1360,800,
00540.jpg,,,,,,1360,800,
00541.jpg,,,,,,1360,800,
00543.jpg,,,,,,1360,800,
00546.jpg,,,,,,1360,800,
00547.jpg,,,,,,1360,800,
00549.jpg,,,,,,1360,800,
00550.jpg,,,,,,1360,800,
00553.jpg,,,,,,1360,800,
00555.jpg,,,,,,1360,800,
00558.jpg,,,,,,1360,800,
00559.jpg,,,,,,1360,800,
00561.jpg,,,,,,1360,800,
00562.jpg,,,,,,1360,800,
00563.jpg,,,,,,1360,800,
00568.jpg,,,,,,1360,800,
00569.jpg,,,,,,1360,800,
00572.jpg,,,,,,1360,800,
00573.jpg,,,,,,1360,800,
00574.jpg,,,,,,1360,800,
00576.jpg,,,,,,1360,800,
00577.jpg,,,,,,1360,800,
00578.jpg,,,,,,1360,800,
00579.jpg,,,,,,1360,800,
00580.jpg,,,,,,1360,800,
00581.jpg,,,,,,1360,800,
00582.jpg,,,,,,1360,800,
00583.jpg,,,,,,1360,800,
00584.jpg,,,,,,1360,800,
00585.jpg,,,,,,1360,800,
00586.jpg,,,,,,1360,800,
00587.jpg,,,,,,1360,800,
00588.jpg,,,,,,1360,800,
00589.jpg,,,,,,1360,800,
00590.jpg,,,,,,1360,800,
00591.jpg,,,,,,1360,800,
00592.jpg,,,,,,1360,800,
00594.jpg,,,,,,1360,800,
00595.jpg,,,,,,1360,800,
00596.jpg,,,,,,1360,800,
00597.jpg,,,,,,1360,800,
00598.jpg,,,,,,1360,800,
00600.jpg,,,,,,1360,800,
